,expanded-nodes,time
0,3,0.046549329999999944
1,45,0.6994423659999995
2,3,0.048727675000009185
3,63,0.9491369290000193
4,39,0.607914322000056
5,37,0.5735805680000112
