,expanded-nodes,time
0,53,0.7550326409999999
1,4812,67.741853794
2,97,1.4213385890000154
3,1460,21.386038984000038
4,5099,74.76700631800003
5,4258,62.45568602600008
