,expanded-nodes,time
0,2,0.033037081000000246
1,24432,389.26568211100005
2,2,0.03284442000000354
3,19,0.31669515099997625
4,682,10.49729545799994
5,4,0.06397526800003561
